{
    "version": 2,
    "builds": [
        {
            "src": "server/server.js",
            "use": "@vercel/node"
        },
        {
            "src": "*.html",
            "use": "@vercel/static"
        },
        {
            "src": "*.css",
            "use": "@vercel/static"
        },
        {
            "src": "*.js",
            "use": "@vercel/static"
        }
    ],
    "routes": [
        {
            "src": "/api/(.*)",
            "dest": "server/server.js"
        },
        {
            "src": "/(.*)",
            "dest": "/$1"
        }
    ]
} 