{
  "general": {
    "screenOrientation": {
      "iphone": null,
      "ipad": null,
      "androidPhone": null,
      "androidTablet": null
    },
    "userAgentRegexes": [],
    "replaceStrings": [],
    "nativeBridgeUrls": [],
    "languages": [],
    "userAgentAdd": "median",
    "enableWindowOpen": true,
    "forceUserAgent": "",
    "publicKey": "kjkxoe",
    "deviceRegKey": "trkhmpgcw65je7eqqu0k1f6fbg",
    "appName": "Fill Easy",
    "initialUrl": "https://render-3-l3hi.onrender.com/",
    "iosBundleId": "co.median.ios.kjkxoe",
    "androidPackageName": "co.median.android.kjkxoe",
    "keepScreenOn": null,
    "iosUserAgentAdd": "median",
    "iosForceUserAgent": "",
    "androidUserAgentAdd": "median",
    "androidForceUserAgent": "",
    "androidSigningKey": "upload",
    "injectMedianJS": true,
    "forceSessionCookieExpiry": 0,
    "iosCustomHeaders": {},
    "androidCustomHeaders": {},
    "version": 3
  },
  "navigation": {
    "tabNavigation": {
      "tabSelectionConfig": [],
      "tabMenus": [],
      "active": false
    },
    "sidebarNavigation": {
      "menuSelectionConfig": {
        "redirectLocations": [
          {
            "regex": ".*",
            "menuName": "default",
            "loggedIn": true
          }
        ]
      },
      "menus": [
        {
          "active": false,
          "items": [
            {
              "url": "https://render-3-l3hi.onrender.com/",
              "label": "Fill easy",
              "subLinks": []
            },
            {
              "url": "https://render-3-l3hi.onrender.com/login",
              "label": "Login",
              "subLinks": []
            },
            {
              "url": "https://render-3-l3hi.onrender.com/signup",
              "label": "Sign up",
              "subLinks": []
            }
          ],
          "name": "default"
        }
      ]
    },
    "regexInternalExternal": {
      "rules": [
        {
          "mode": "external",
          "label": "Non-web links",
          "pagesToTrigger": "custom",
          "regex": "^(?!https?://).*"
        },
        {
          "mode": "appbrowser",
          "label": "Facebook",
          "pagesToTrigger": "custom",
          "regex": "https?://([-\\w]+\\.)*facebook\\.com.*"
        },
        {
          "mode": "appbrowser",
          "label": "Twitter/X",
          "pagesToTrigger": "custom",
          "regex": "https?://([\\-\\w]+\\.)*(twitter|x)\\.com/.*"
        },
        {
          "mode": "appbrowser",
          "label": "Instagram",
          "pagesToTrigger": "custom",
          "regex": "https?://([-\\w]+\\.)*instagram\\.com/.*"
        },
        {
          "mode": "appbrowser",
          "label": "Google Maps",
          "pagesToTrigger": "custom",
          "regex": "https?://maps\\.google\\.com.*"
        },
        {
          "mode": "appbrowser",
          "label": "Google Maps Search",
          "pagesToTrigger": "custom",
          "regex": "https?://([-\\w]+\\.)*google\\.com/maps/search/.*"
        },
        {
          "mode": "appbrowser",
          "label": "LinkedIn",
          "pagesToTrigger": "custom",
          "regex": "https?://([-\\w]+\\.)*linkedin\\.com/.*"
        },
        {
          "mode": "internal",
          "label": "Microsoft Login",
          "pagesToTrigger": "custom",
          "regex": "https?://login\\.microsoftonline\\.com.*"
        },
        {
          "mode": "internal",
          "label": "All pages on my domain",
          "pagesToTrigger": "domain",
          "regex": "https?:\\/\\/([-\\w]+\\.)*onrender.com(\\/.*)?$"
        },
        {
          "mode": "appbrowser",
          "label": "All Other Links",
          "pagesToTrigger": "all",
          "regex": ".*"
        }
      ],
      "active": true
    },
    "androidPullToRefresh": false,
    "iosPullToRefresh": true,
    "navigationTitles": {
      "titles": [],
      "active": true
    },
    "ignorePageFinishedRegexes": [],
    "actionConfig": {
      "actions": [],
      "actionSelection": [],
      "active": true
    },
    "androidShowRefreshButton": false,
    "iosShowRefreshButton": false,
    "deepLinkDomains": {
      "domains": [],
      "enableAndroidApplinks": false
    },
    "navigationLevels": {
      "levels": [],
      "active": true
    },
    "toolbarNavigation": {
      "enabled": false,
      "visibilityByPages": "allPages",
      "visibilityByBackButton": "backButtonActive",
      "regexes": [
        {
          "enabled": true,
          "regex": ".*"
        }
      ],
      "items": [
        {
          "system": "back",
          "titleType": "defaultText",
          "visibility": "allPages",
          "urlRegex": [
            {
              "enabled": true,
              "regex": ".*"
            }
          ]
        },
        {
          "system": "refresh",
          "enabled": false,
          "visibility": "allPages",
          "urlRegex": [
            {
              "enabled": true,
              "regex": ".*"
            }
          ]
        },
        {
          "system": "forward",
          "enabled": false,
          "titleType": "defaultText",
          "visibility": "allPages",
          "urlRegex": [
            {
              "enabled": true,
              "regex": ".*"
            }
          ]
        }
      ]
    },
    "redirects": [],
    "iosShowOfflinePage": true,
    "iosConnectionOfflineTime": 10,
    "androidShowOfflinePage": true,
    "androidConnectionOfflineTime": 10,
    "iosSettings": {},
    "swipeGestures": null,
    "maxWindows": {
      "enabled": false,
      "numWindows": 5,
      "autoClose": false
    }
  },
  "styling": {
    "splashScreen": {
      "ios": {
        "animationLoop": "once",
        "backgroundColor": "#FFFFFF",
        "backgroundColorDark": "#0E0D08",
        "backgroundImage": "https://s3.amazonaws.com/gonativeio/app_files/kjkxoe/1737798030224_8j0xyx9qhak60_FFFFFF_1_2x2.png",
        "backgroundImageDark": "https://s3.amazonaws.com/gonativeio/app_files/kjkxoe/1737798030240_jacntbqq8gpjr_0E0D08_1_2x2.png",
        "animated": false,
        "centerImage": "https://s3.amazonaws.com/gonativeio/app_files/kjkxoe/app_icon_ios_1737797848241.png",
        "centerImageDark": "https://s3.amazonaws.com/gonativeio/app_files/kjkxoe/app_icon_ios_1737797848241.png",
        "animation": null,
        "animationDark": null,
        "animationFrame": null,
        "animationFrameDark": null
      },
      "android": {
        "showSplash": true,
        "animationLoop": "once",
        "backgroundColor": "#FFFFFF",
        "backgroundColorDark": "#0E0D08",
        "animated": false,
        "launchImages": {
          "mdpi": "https://s3.amazonaws.com/gonativeio/app_files/kjkxoe/1737798030435_u3xvkm6w2xzxu_180x180.png",
          "hdpi": "https://s3.amazonaws.com/gonativeio/app_files/kjkxoe/1737798030450_799njhbrbwjgp_270x270.png",
          "xhdpi": "https://s3.amazonaws.com/gonativeio/app_files/kjkxoe/1737798030465_602e76wk9xajg_360x360.png",
          "xxhdpi": "https://s3.amazonaws.com/gonativeio/app_files/kjkxoe/1737798030489_uvzab6hwq89er_540x540.png",
          "xxxhdpi": "https://s3.amazonaws.com/gonativeio/app_files/kjkxoe/1737798030506_91m84mzn4jnm6_720x720.png"
        },
        "launchImagesDark": {
          "mdpi": "https://s3.amazonaws.com/gonativeio/app_files/kjkxoe/1737798030570_4hgxqf93zx4f0_180x180.png",
          "hdpi": "https://s3.amazonaws.com/gonativeio/app_files/kjkxoe/1737798030584_mhvr3gemfxha0_270x270.png",
          "xhdpi": "https://s3.amazonaws.com/gonativeio/app_files/kjkxoe/1737798030636_xeg3najahhkk4_360x360.png",
          "xxhdpi": "https://s3.amazonaws.com/gonativeio/app_files/kjkxoe/1737798030664_eyj4tw20e557m_540x540.png",
          "xxxhdpi": "https://s3.amazonaws.com/gonativeio/app_files/kjkxoe/1737798030674_dc8rqtrk0y402_720x720.png"
        },
        "animation": null,
        "animationDark": null,
        "animationFrame": null,
        "animationFrameDark": null
      }
    },
    "transitionInteractiveDelayMax": 0.2,
    "menuAnimationDuration": 0.15,
    "disableAnimations": false,
    "hideWebviewAlpha": 0.5,
    "iosDarkMode": "auto",
    "iosTitleColor": "#0E0D08",
    "iosTitleColorDark": "#ffffff",
    "iosTintColor": "#0E0D08",
    "iosTintColorDark": "#ffffff",
    "iosSidebarTextColor": "#0E0D08",
    "iosSidebarTextColorDark": "#ffffff",
    "iosStatusBarBackgroundColor": "#ffffffff",
    "iosStatusBarBackgroundColorDark": "#000000",
    "iosEnableBlurInStatusBar": false,
    "iosSidebarBackgroundColor": "#f8f8f8",
    "iosSidebarBackgroundColorDark": "#202020",
    "iosNavigationBarTintColor": "#f8f8f8",
    "iosNavigationBarTintColorDark": "#202020",
    "iosTabBarTintColor": "#f8f8f8",
    "iosTabBarTintColorDark": "#000000",
    "icon": "https://s3.amazonaws.com/gonativeio/app_files/kjkxoe/app_icon_ios_1737797848241.png",
    "iosHeaderImage": "https://s3.amazonaws.com/gonativeio/app_files/kjkxoe/app_icon_ios_1737797848241.png",
    "showActionBar": false,
    "showNavigationBar": false,
    "iosSidebarFont": "Default",
    "androidHideTitleInActionBar": false,
    "navigationTitleImage": false,
    "iosTheme": "default",
    "androidTheme": "auto",
    "androidBackgroundColor": "#FFFFFF",
    "androidSidebarBackgroundColor": "#FFFFFF",
    "androidSidebarForegroundColor": "#1A100B",
    "androidActionBarBackgroundColor": "#FFFFFF",
    "androidActionBarForegroundColor": "#1A100B",
    "androidPullToRefreshColor": "#1A100B",
    "androidAccentColor": "#009688",
    "androidSidebarSeparatorColor": "#CCCCCC",
    "androidSidebarHighlightColor": "#1A100B",
    "androidTabBarBackgroundColor": "#FFFFFF",
    "androidTabBarTextColor": "#949494",
    "androidTabBarIndicatorColor": "#1A100B",
    "androidTabPressedBackgroundColor": "#CCCCCC",
    "androidStatusBarBackgroundColor": "#5C5C5C",
    "androidShowLogoInSideBar": true,
    "androidShowAppNameInSideBar": true,
    "androidSwipeNavigationBackgroundColor": "#FFFFFF",
    "androidSwipeNavigationActiveColor": "#000000",
    "androidSwipeNavigationInactiveColor": "#666666",
    "androidActionBarBackgroundColorDark": "#333333",
    "androidStatusBarBackgroundColorDark": "#333333",
    "androidActionBarForegroundColorDark": "#FFFFFF",
    "androidAccentColorDark": "#80cbc4",
    "androidBackgroundColorDark": "#333333",
    "androidSidebarForegroundColorDark": "#FFFFFF",
    "androidSidebarBackgroundColorDark": "#333333",
    "androidSidebarSeparatorColorDark": "#666666",
    "androidSidebarHighlightColorDark": "#FFFFFF",
    "androidPullToRefreshColorDark": "#FFFFFF",
    "androidTabBarTextColorDark": "#FFFFFF",
    "androidTabBarBackgroundColorDark": "#333333",
    "androidTabBarIndicatorColorDark": "#666666",
    "androidTabPressedBackgroundColorDark": "#999999",
    "androidSwipeNavigationBackgroundColorDark": "#333333",
    "androidSwipeNavigationActiveColorDark": "#FFFFFF",
    "androidSwipeNavigationInactiveColorDark": "#666666",
    "androidSystemNavBarColor": "#FFFFFF",
    "androidSystemNavBarColorDark": "#000000",
    "androidWebviewTextZoom": null,
    "iosIcon": "https://s3.amazonaws.com/gonativeio/app_files/kjkxoe/app_icon_ios_1737797848241.png",
    "customIcons": {},
    "iosStatusBarStyle": "auto",
    "iosEnableOverlayInStatusBar": false,
    "androidStatusBarStyle": "auto",
    "androidEnableOverlayInStatusBar": false,
    "androidIcon": "https://s3.amazonaws.com/gonativeio/app_files/kjkxoe/app_icon_ios_1737797848241.png",
    "iosActivityIndicatorColor": "#808080",
    "iosActivityIndicatorColorDark": "#808080",
    "androidActivityIndicatorColor": "#808080",
    "androidActivityIndicatorColorDark": "#808080",
    "forceViewportWidth": null,
    "pinchToZoom": null,
    "iosDynamicType": null,
    "navigationTitleImageLocation": "assets/defaults/app-icon-placeholder.png",
    "navigationTitleImageLocationDark": "assets/defaults/app-icon-placeholder.png",
    "androidHeaderImage": "assets/defaults/app-icon-placeholder.png",
    "androidHeaderImageDark": "assets/defaults/app-icon-placeholder.png",
    "iosHeaderImageDark": "https://s3.amazonaws.com/gonativeio/app_files/kjkxoe/app_icon_ios_1737797848241.png"
  },
  "permissions": {
    "usesGeolocation": false,
    "androidDownloadToPublicStorage": false,
    "enableWebRTCamera": false,
    "enableWebRTCMicrophone": false,
    "iosLocationUsageDescription": "",
    "iosCameraUsageDescription": "",
    "iosMicrophoneUsageDescription": "",
    "iOSATTUserTrackingDescription": "",
    "iOSRequestATTConsentOnLoad": false
  },
  "developmentTools": {
    "enableWebConsoleLogs": false
  },
  "services": {
    "oneSignalV5": {
      "active": false
    }
  },
  "contextMenu": {
    "linkActions": [
      "copyLink",
      "openExternal"
    ],
    "enabled": false
  },
  "allowZoom": null,
  "security": {
    "network": {
      "allowInsecure": null
    }
  }
}